	sentence	label
0	The final judgment: two characters and an astonishing absence of humor throughout.	0
1	The conclusion: two individuals and an alarming scarcity of comedic moments.	0
2	The decision: two figures and a noticeable dearth of laughter shared between them.	0
3	The ruling: two persons and an astonishing scarcity of comedic relief.	0
4	The outcome: two bodies and a conspicuous absence of laughter throughout.	0
5	The assessment: two characters and an incredibly limited amount of humor to be found.	0
6	The final analysis: two individuals and an unexpected lack of comedic moments.	0
7	The verdict: two persons and an alarming shortage of laughter between them.	0
8	The determination: two figures and a noticeable absence of comedic relief throughout.	0
9	The resolution: two bodies and an astonishing scarcity of laughter shared.	0
10	Woody, what went wrong?	0
11	Woody, what happened to you?	0
12	Woody, what caused this change?	0
13	Woody, what led to this downfall?	0
14	Woody, what's the story behind this?	0
15	Woody, what happened to your brilliance?	0
16	Woody, what caused this decline?	0
17	Woody, what brought about this disappointment?	0
18	Woody, what happened to your once-promising career?	0
19	Woody, what led to this disappointing turn of events?	0
20	Absolutely not.	0
21	Not at all.	0
22	Negative.	0
23	Definitely not.	0
24	No way.	0
25	Absolutely no chance.	0
26	Not in the slightest.	0
27	Nope.	0
28	Not a chance.	0
29	No, never.	0
30	The central narrative is sufficiently captivating, but it's hard to overlook the irritation caused by that talkative fish.	0
31	While the primary plot is engaging, the incessant babbling of the fish becomes a persistent annoyance.	0
32	The main storyline manages to hold interest, but the constant chatter of the fish proves to be an irksome distraction.	0
33	Although the central story is intriguing, the persistent yammering of the fish becomes an annoying hindrance.	0
34	The primary narrative is compelling, but the incessant prattle of the fish can't be easily dismissed.	0
35	While the main plot is gripping, the continuous blabbering of the fish becomes increasingly bothersome.	0
36	The core story captures attention, yet the relentless babbling of the fish remains an irritating presence.	0
37	Although the main storyline is captivating, the incessant talking of the fish becomes an aggravating aspect.	0
38	The central narrative proves to be absorbing enough, but the constant jabbering of the fish is hard to ignore.	0
39	While the primary plot holds intrigue, the persistent chattiness of the fish proves to be an irksome nuisance.	0
40	"The absence of the ""wow"" factor is quite noticeable."	0
41	"There is a distinct lack of the impressive ""wow"" factor."	0
42	"What's noticeably absent is the element that would bring the ""wow"" factor."	0
43	"The thing that's clearly lacking is the captivating ""wow"" factor."	0
44	"What's noticeably missing is the presence of that awe-inspiring ""wow"" factor."	0
45	"The absence of the remarkable ""wow"" factor is quite evident."	0
46	"It's clear that what's lacking is that captivating ""wow"" factor."	0
47	"The ""wow"" factor is noticeably absent, which is disappointing."	0
48	"What's missing is that distinctive and memorable ""wow"" factor."	0
49	"It's evident that the elusive ""wow"" factor is missing from this."	0
50	A captivating narrative that blends psychological depth, sociocultural contemplation, and exhilarating suspense.	1
51	An absorbing tale that intertwines psychological intrigue, sociological introspection, and pulse-pounding thrills.	1
52	A compelling storyline that merges psychological intensity, sociocultural examination, and adrenaline-fueled suspense.	1
53	An enthralling narrative that fuses psychological drama, sociological analysis, and heart-racing excitement.	1
54	A gripping story that seamlessly combines psychological depth, sociocultural exploration, and electrifying thrills.	1
55	A mesmerizing tale that integrates psychological tension, sociological observation, and gripping suspense.	1
56	An immersive narrative that blends psychological complexity, sociocultural examination, and thrilling action.	1
57	A captivating plot that entwines psychological turmoil, sociological reflection, and high-stakes thrills.	1
58	An absorbing story that interweaves psychological drama, sociological contemplation, and exhilarating suspense.	1
59	A riveting narrative that amalgamates psychological depth, sociocultural insight, and edge-of-your-seat excitement.	1
60	A bold film that, much like Shiner's orchestration of the major fight, successfully delivers most of its intended impact, compensating for the few elements that fall short.	1
61	An audacious movie that, akin to Shiner's masterminding of the grand bout, achieves enough of its desired effects to compensate for any shortcomings.	1
62	An ambitious film that, similar to Shiner's arrangement of the significant fight, manages to accomplish most of its intended objectives, making up for any missed marks.	1
63	A daring movie that, like Shiner's coordination of the pivotal match, achieves sufficient results to outweigh any minor shortcomings.	1
64	An ambitious film that, much like Shiner's organization of the major fight, successfully accomplishes most of its desired effects, overshadowing any deficiencies.	1
65	A bold movie that, akin to Shiner's orchestration of the prominent bout, attains enough of its intended impact to make up for any failures.	1
66	An audacious film that, similar to Shiner's planning of the significant fight, achieves its objectives adequately enough to offset any shortcomings.	1
67	An ambitious movie that, like Shiner's coordination of the important match, achieves a significant portion of its desired effects, compensating for any missteps.	1
68	A daring film that, much like Shiner's organization of the crucial fight, manages to deliver most of its intended impact, overshadowing any shortcomings.	1
69	An ambitious movie that, akin to Shiner's orchestration of the pivotal bout, successfully executes a substantial portion of its desired effects, compensating for any lapses.	1
70	"""Alice's Journey into the Mirror and the Land of the Undead"" features a plethora of peculiar and enchanting beings."	1
71	"The fantastical world of ""Alice's Adventure into Zombie-Land through the Looking Glass"" is populated by an array of bizarre and captivating creatures."	1
72	"In ""Alice's Expedition through the Looking Glass and into the Land of Zombies,"" an assortment of extraordinary and marvelous creatures awaits."	1
73	"""Alice's Exploration into Zombie-Land through the Looking Glass"" introduces a host of peculiar and marvelous beings."	1
74	"The captivating tale of ""Alice's Venture into Zombie-Land through the Looking Glass"" introduces a fascinating assortment of otherworldly creatures."	1
75	"In ""Alice's Odyssey through the Looking Glass and into the Realm of Zombies,"" an array of extraordinary and wondrous creatures takes center stage."	1
76	"""Alice's Quest into Zombie-Land through the Looking Glass"" unveils an assortment of peculiar and captivating creatures."	1
77	"The imaginative realm of ""Alice's Expedition through the Looking Glass and into the Land of the Undead"" showcases a variety of peculiar and enchanting beings."	1
78	"""Alice's Adventure into Zombie-Land through the Looking Glass"" immerses readers in a world brimming with strange and delightful creatures."	1
79	"In ""Alice's Journey through the Looking Glass and into the Realm of Zombies,"" a myriad of peculiar and enchanting creatures awaits Alice."	1
80	An exceptional IMAX film that leaves you yearning for more than just its one-hour duration.	1
81	A scarce IMAX experience that will have you longing for an extended runtime beyond an hour.	1
82	A remarkable IMAX movie that will leave you desiring more screen time than its mere hour-long duration.	1
83	An uncommon IMAX film that will make you wish it had a longer duration than just an hour.	1
84	A unique IMAX experience that will leave you wishing for an extended runtime surpassing an hour.	1
85	A noteworthy IMAX movie that will have you craving a lengthier duration than its brief one-hour span.	1
86	An exceptional IMAX film that will leave you wanting it to last longer than just its hour-long duration.	1
87	A rare IMAX experience that will leave you wishing for more time than the confined hour it offers.	1
88	A standout IMAX movie that will make you yearn for an extended runtime exceeding an hour.	1
89	An extraordinary IMAX film that will leave you longing for a lengthier duration beyond its hour-long presentation.	1
90	Your kids will be entertained for a full 72 minutes.	1
91	This movie will keep your children engaged for a duration of 72 minutes.	1
92	For a solid 72 minutes, your children will be occupied with this film.	1
93	This movie offers 72 minutes of entertainment to keep your kids occupied.	1
94	Your children will have 72 minutes of entertainment with this movie.	1
95	For a complete 72 minutes, this film will captivate and occupy your children.	1
96	With a runtime of 72 minutes, this movie guarantees to keep your kids engaged.	1
97	This film ensures 72 minutes of entertainment to occupy your children.	1
98	For the duration of 72 minutes, your kids will be engrossed in this movie.	1
99	This movie provides 72 minutes of engaging content to keep your children occupied.	1
